{"cameraMode":{"drawMode":0,"name":"Shaded","section":"Shading Mode"},"sceneLighting":true,"audioPlay":false,"sceneViewState":{"m_AlwaysRefresh":false,"showFog":true,"showSkybox":true,"showFlares":true,"showImageEffects":true,"showParticleSystems":true,"showVisualEffectGraphs":true,"m_FxEnabled":true},"in2DMode":false,"pivot":{"x":18.198591232299806,"y":7.093418598175049,"z":0.22494888305664063},"rotation":{"x":-0.004495739936828613,"y":-0.04348618909716606,"z":-0.00019619677914306521,"w":0.9990445971488953},"size":8.661087989807129,"orthographic":false}