{"cameraMode":{"drawMode":0,"name":"Shaded","section":"Shading Mode"},"sceneLighting":false,"audioPlay":false,"sceneViewState":{"m_AlwaysRefresh":false,"showFog":true,"showSkybox":false,"showFlares":true,"showImageEffects":true,"showParticleSystems":true,"showVisualEffectGraphs":true,"m_FxEnabled":true},"in2DMode":false,"pivot":{"x":15.586438179016114,"y":2.3483593463897707,"z":0.9262027740478516},"rotation":{"x":0.148335799574852,"y":0.11983928084373474,"z":-0.018112368881702424,"w":0.9814783334732056},"size":4.279212951660156,"orthographic":false}