{"cameraMode":{"drawMode":0,"name":"Shaded","section":"Shading Mode"},"sceneLighting":true,"audioPlay":false,"sceneViewState":{"m_AlwaysRefresh":false,"showFog":true,"showSkybox":true,"showFlares":true,"showImageEffects":true,"showParticleSystems":true,"showVisualEffectGraphs":true,"m_FxEnabled":true},"in2DMode":false,"pivot":{"x":-2.6187100410461427,"y":7.2838945388793949,"z":22.974090576171876},"rotation":{"x":-0.08271057903766632,"y":-0.00986885279417038,"z":0.0008190546650439501,"w":-0.9965234398841858},"size":29.328868865966798,"orthographic":false}